{"1/2": {"early_morning": 0.6423348412264595, "morning": 0.6428391922630267, "afternoon": 0.637042321160471, "night": 0.6744676529338968}, "2/2": {"early_morning": 0.6586249940636202, "morning": 0.5980549200941091, "afternoon": 0.6245409187781261, "night": 0.6628617300649541}, "3/2": {"early_morning": 0.6318882395787965, "morning": 0.6110695092410342, "afternoon": 0.609192607735837, "night": 0.641176685305853}, "4/2": {"early_morning": 0.608092951969471, "morning": 0.6213663364606138, "afternoon": 0.6378711658155927, "night": 0.674888811012542}, "5/2": {"early_morning": 0.6170537739194303, "morning": 0.568898548144135, "afternoon": 0.6127735287476761, "night": 0.63885245109673}, "6/2": {"early_morning": 0.6101353875078813, "morning": 0.6470643743103168, "afternoon": 0.6003523524288878, "night": 0.6450831402104528}, "7/2": {"early_morning": 0.6022662709075715, "morning": 0.6330154081114692, "afternoon": 0.599322880138076, "night": 0.6428059865969418}, "8/2": {"early_morning": 0.5881247371354685, "morning": 0.6345263560342902, "afternoon": 0.6327161463696314, "night": 0.6610813557094218}, "9/2": {"early_morning": 0.5738024388418922, "morning": 0.6371244117331519, "afternoon": 0.612336332314016, "night": 0.6537515604031615}, "10/2": {"early_morning": 0.5777218246891661, "morning": 0.6462103397641017, "afternoon": 0.6332028256829964, "night": 0.6855009061498699}, "11/2": {"early_morning": 0.6190804326582554, "morning": 0.5775691812089013, "afternoon": 0.650215333159468, "night": 0.7022242591065146}, "12/2": {"early_morning": 0.6057443330544979, "morning": 0.5725165168748261, "afternoon": 0.6529801652728844, "night": 0.6610356536267223}, "13/2": {"early_morning": 0.5923678820411984, "morning": 0.682561514975562, "afternoon": 0.643136828501187, "night": 0.6736092281281171}, "14/2": {"early_morning": 0.5987038176886826, "morning": 0.6807709092657366, "afternoon": 0.6836078213862752, "night": 0.7220963740475631}, "15/2": {"early_morning": 0.6174525692848191, "morning": 0.6882915427204167, "afternoon": 0.6717472723585517, "night": 0.6856709553117384}, "16/2": {"early_morning": 0.6073037003767293, "morning": 0.6843686435388965, "afternoon": 0.6618452679683621, "night": 0.6793631431656237}, "17/2": {"early_morning": 0.5980677622406662, "morning": 0.6869339091578179, "afternoon": 0.6896477079180325, "night": 0.7209404731853944}, "18/2": {"early_morning": 0.6414445501742202, "morning": 0.6367145706725136, "afternoon": 0.7021740023489259, "night": 0.709572367932888}, "19/2": {"early_morning": 0.6404792477409921, "morning": 0.5924809197122463, "afternoon": 0.6920748248749099, "night": 0.6914690013636802}, "20/2": {"early_morning": 0.5786736311937162, "morning": 0.702366355813965, "afternoon": 0.6687893064860679, "night": 0.6715130984763282}, "21/2": {"early_morning": 0.5908133668111476, "morning": 0.6923084838773783, "afternoon": 0.6753666205938988, "night": 0.6691749162020264}, "22/2": {"early_morning": 0.5920496739648269, "morning": 0.6910094059331034, "afternoon": 0.6756508264160452, "night": 0.6893504364128659}, "23/2": {"early_morning": 0.5855532732839893, "morning": 0.6921652566179419, "afternoon": 0.6670319773908485, "night": 0.6745025306255213}, "24/2": {"early_morning": 0.5779908519628922, "morning": 0.7050755788558902, "afternoon": 0.6903649473383767, "night": 0.7230700382720961}, "25/2": {"early_morning": 0.6096696038237697, "morning": 0.6452431576036038, "afternoon": 0.6857556486923846, "night": 0.7038883988805358}, "26/2": {"early_morning": 0.6168710047857668, "morning": 0.5783914619854462, "afternoon": 0.6814169987147026, "night": 0.6646432729324652}, "27/2": {"early_morning": 0.5786707163859256, "morning": 0.6973163413142135, "afternoon": 0.6635647602062827, "night": 0.6644010329552007}, "28/2": {"early_morning": 0.5726618536856495, "morning": 0.6849539858681644, "afternoon": 0.6728867734127152, "night": 0.6833153423417381}, "1/3": {"early_morning": 0.5981733301121335, "morning": 0.6977735048123185, "afternoon": 0.6804438395994111, "night": 0.6849287972359738}, "2/3": {"early_morning": 0.5808609035093348, "morning": 0.685574758793996, "afternoon": 0.6797487287066226, "night": 0.6794057802012297}, "3/3": {"early_morning": 0.5780127636944445, "morning": 0.7056800253500186, "afternoon": 0.7080096008094019, "night": 0.7336925761729832}, "4/3": {"early_morning": 0.6298620092466257, "morning": 0.637905427324932, "afternoon": 0.7110261590515539, "night": 0.7073358211940688}, "5/3": {"early_morning": 0.62778459723411, "morning": 0.6079112694088733, "afternoon": 0.7072200559444186, "night": 0.6786173551286436}, "6/3": {"early_morning": 0.5805160394303245, "morning": 0.7050620689787384, "afternoon": 0.6716747123378711, "night": 0.6555611759909598}, "7/3": {"early_morning": 0.570597079450152, "morning": 0.7005743653738412, "afternoon": 0.6777847558521081, "night": 0.6794880180949657}, "8/3": {"early_morning": 0.5807569289904655, "morning": 0.7094926443838132, "afternoon": 0.700240029046123, "night": 0.7000975073247597}, "9/3": {"early_morning": 0.5837366531796226, "morning": 0.7125862127284464, "afternoon": 0.6758892046046733, "night": 0.6999088225234285}, "10/3": {"early_morning": 0.5729125940449046, "morning": 0.7138870937300689, "afternoon": 0.7067814028819368, "night": 0.7201096119764895}, "11/3": {"early_morning": 0.6277082068681807, "morning": 0.6649551050705187, "afternoon": 0.7116857618859701, "night": 0.6942075549305106}, "12/3": {"early_morning": 0.6167134645646819, "morning": 0.6018005920718568, "afternoon": 0.6857476971365605, "night": 0.6627786003851511}, "13/3": {"early_morning": 0.5649251091941151, "morning": 0.6992101111451483, "afternoon": 0.6665057743744831, "night": 0.6617620381442127}, "14/3": {"early_morning": 0.5771861068505801, "morning": 0.6857527429832351, "afternoon": 0.6682777623674803, "night": 0.661247234971923}, "15/3": {"early_morning": 0.5723607048182525, "morning": 0.6885167932739746, "afternoon": 0.6727582002166506, "night": 0.6800879205935503}, "16/3": {"early_morning": 0.5928488960751198, "morning": 0.6879333323642955, "afternoon": 0.678115288266636, "night": 0.674102033334487}, "17/3": {"early_morning": 0.5879866612122934, "morning": 0.6975795306078902, "afternoon": 0.6964744285809359, "night": 0.7299288937612011}, "18/3": {"early_morning": 0.6374024442351246, "morning": 0.658437952337458, "afternoon": 0.7037630685947925, "night": 0.758363299848899}, "19/3": {"early_morning": 0.6113391906363961, "morning": 0.6279300211821054, "afternoon": 0.6755262890512177, "night": 0.6606204516644835}, "20/3": {"early_morning": 0.5862447627321309, "morning": 0.7074926336526478, "afternoon": 0.6728479281559921, "night": 0.671992844104059}, "21/3": {"early_morning": 0.5837249270001288, "morning": 0.6911798103559329, "afternoon": 0.676927840379256, "night": 0.675960747525511}, "22/3": {"early_morning": 0.5901205644485936, "morning": 0.7037390358674757, "afternoon": 0.6854675548307317, "night": 0.6662960928373244}, "23/3": {"early_morning": 0.5741777127814781, "morning": 0.698326356705449, "afternoon": 0.6668920021375099, "night": 0.6652454530121474}, "24/3": {"early_morning": 0.5786583503421582, "morning": 0.6874404305997959, "afternoon": 0.6994601100682111, "night": 0.7283774130546503}, "25/3": {"early_morning": 0.6309979532063792, "morning": 0.651478283676452, "afternoon": 0.6941636803385433, "night": 0.7062523466765921}, "26/3": {"early_morning": 0.6270380472898263, "morning": 0.6061319473117563, "afternoon": 0.6813077898205335, "night": 0.6765699136062622}, "27/3": {"early_morning": 0.5869637260452357, "morning": 0.6983544253394274, "afternoon": 0.6673103765140658, "night": 0.6613589701125777}, "28/3": {"early_morning": 0.573256843429936, "morning": 0.6878589821025423, "afternoon": 0.6774629291855161, "night": 0.6665433735543332}, "29/3": {"early_morning": 0.5689882001971671, "morning": 0.6856964059986528, "afternoon": 0.6724373063296604, "night": 0.6724167045110977}, "30/3": {"early_morning": 0.5816902737160619,