{"early_morning": 0.6035876870155334, "morning": 0.6985844969749451, "afternoon": 0.7042079567909241, "night": 0.732139527797699}