{"0": {"1": 2900.5037, "2": 2190.33, "3": 1445.6749, "4": 729.0351, "5": 271.0, "6": 271.0, "7": 701.7831, "8": 1995.9333, "9": 3115.525, "10": 3679.3086, "11": 3757.432, "12": 3676.3992, "13": 3594.8687, "14": 3626.6033, "15": 3667.5156, "16": 3495.957, "17": 3029.603, "18": 2515.5237, "19": 2264.2214, "20": 2448.2634, "21": 2849.2842, "22": 3216.3657, "23": 3441.414, "24": 3332.6826}, "1": {"1": 1826.2555, "2": 1389.7866, "3": 1015.047, "4": 627.072, "5": 171.86179, "6": 99.0, "7": 556.441, "8": 1659.4515, "9": 2724.2188, "10": 3344.287, "11": 3441.1257, "12": 3249.1912, "13": 3073.3042, "14": 3068.3225, "15": 3114.609, "16": 3021.7764, "17": 2791.0347, "18": 2564.3684, "19": 2474.9678, "20": 2551.8586, "21": 2680.247, "22": 2738.495, "23": 2626.9495, "24": 2313.5862}, "2": {"1": 73.87978, "2": 68.73213, "3": 41.114407, "4": 24.889763, "5": 51.99024, "6": 103.41162, "7": 133.57964, "8": 139.75815, "9": 133.30672, "10": 136.81299, "11": 148.76762, "12": 151.26163, "13": 149.62825, "14": 144.32614, "15": 138.84601, "16": 131.35498, "17": 131.9322, "18": 127.47295, "19": 113.130615, "20": 110.33182, "21": 98.60292, "22": 85.575806, "23": 76.547615, "24": 75.03269}, "3": {"1": 228.74701, "2": 171.50743, "3": 112.385704, "4": 71.401634, "5": 61.588936, "6": 89.31533, "7": 145.0543, "8": 207.65012, "9": 259.7561, "10": 286.90976, "11": 294.83908, "12": 295.42087, "13": 295.91452, "14": 298.55054, "15": 297.36255, "16": 292.12158, "17": 282.5549, "18": 263.2558, "19": 241.13795, "20": 229.45894, "21": 233.56044, "22": 247.0506, "23": 257.80005, "24": 247.4165}, "4": {"1": 888.7377, "2": 644.6899, "3": 442.23712, "4": 292.81088, "5": 162.41525, "6": 102.395515, "7": 219.52472, "8": 487.5279, "9": 763.66895, "10": 881.22894, "11": 839.2719, "12": 755.9004, "13": 734.4729, "14": 766.4669, "15": 791.4432, "16": 790.63196, "17": 812.5986, "18": 870.593, "19": 921.5807, "20": 940.90533, "21": 967.2878, "22": 1055.3568, "23": 1129.2812, "24": 1071.7744}, "5": {"1": 0.0, "2": 0.0, "3": 0.0, "4": 0.0, "5": 0.0, "6": 0.0, "7": 0.0, "8": 0.0, "9": 0.0, "10": 0.0, "11": 0.0, "12": 0.0, "13": 0.0, "14": 0.0, "15": 0.0, "16": 0.0, "17": 0.0, "18": 0.0, "19": 0.0, "20": 0.0, "21": 0.0, "22": 0.0, "23": 0.0, "24": 0.0}, "6": {"1": 1594.6843, "2": 1181.467, "3": 718.93884, "4": 360.88455, "5": 140.0, "6": 140.0, "7": 319.78854, "8": 673.8199, "9": 1048.6622, "10": 1318.3562, "11": 1420.2782, "12": 1447.4366, "13": 1411.527, "14": 1430.6793, "15": 1475.4316, "16": 1503.383, "17": 1452.1305, "18": 1436.6456, "19": 1496.4011, "20": 1623.8914, "21": 1840.06, "22": 2025.3796, "23": 2066.8418, "24": 1927.5773}, "7": {"1": 0.0, "2": 0.0, "3": 0.0, "4": 0.0, "5": 0.0, "6": 0.0, "7": 0.0, "8": 0.0, "9": 0.0, "10": 0.0, "11": 0.0, "12": 0.0, "13": 0.0, "14": 0.0, "15": 0.0, "16": 0.0, "17": 0.0, "18": 0.0, "19": 0.0, "20": 0.0, "21": 0.0, "22": 0.0, "23": 0.0, "24": 0.0}, "8": {"1": 0.0, "2": 0.0, "3": 0.0, "4": 0.0, "5": 0.0, "6": 0.0, "7": 0.0, "8": 0.0, "9": 0.0, "10": 0.0, "11": 0.0, "12": 0.0, "13": 0.0, "14": 0.0, "15": 0.0, "16": 0.0, "17": 0.0, "18": 0.0, "19": 0.0, "20": 0.0, "21": 0.0, "22": 0.0, "23": 0.0, "24": 0.0}, "9": {"1": 1558.9272, "2": 1332.4716, "3": 1032.046, "4": 736.3452, "5": 511.42517, "6": 393.5647, "7": 428.281, "8": 561.2337, "9": 726.2126, "10": 846.35394, "11": 875.92334, "12": 875.75323, "13": 891.1046, "14": 925.62506, "15": 959.7483, "16": 988.0114, "17": 993.749, "18": 998.84375, "19": 1031.7225, "20": 1118.9923, "21": 1275.7914, "22": 1468.5803, "23": 1623.4758, "24": 1664.5011}}