{"1/2": {"early_morning": 31.8265669825263, "morning": 53.356081022341996, "afternoon": 85.10692862731462, "night": 85.88898548204816}, "2/2": {"early_morning": 44.15222115969747, "morning": 60.974963053116575, "afternoon": 92.23367817091193, "night": 95.52360253846823}, "3/2": {"early_morning": 50.55959314961314, "morning": 75.57393723376511, "afternoon": 95.89481004955229, "night": 100.63506911240546}, "4/2": {"early_morning": 52.15317743197427, "morning": 75.74893506041902, "afternoon": 104.20385986264452, "night": 109.75180387724942}, "5/2": {"early_morning": 54.721463965921934, "morning": 64.46266191428323, "afternoon": 102.05650699817438, "night": 104.3005302964444}, "6/2": {"early_morning": 54.572980961488305, "morning": 89.2334173693819, "afternoon": 103.71329218464749, "night": 109.34364948274363}, "7/2": {"early_morning": 52.84760497261584, "morning": 84.49082847952708, "afternoon": 105.968269147179, "night": 108.39598365643745}, "8/2": {"early_morning": 50.239850473789446, "morning": 87.34373641658698, "afternoon": 106.83456489611406, "night": 110.79753107884899}, "9/2": {"early_morning": 45.18456054942189, "morning": 87.25263061809963, "afternoon": 107.50560723289577, "night": 112.53690341650004}, "10/2": {"early_morning": 47.775449882639315, "morning": 90.78066591324003, "afternoon": 112.22472398504738, "night": 121.71285751543076}, "11/2": {"early_morning": 58.72224637051204, "morning": 70.23932887072938, "afternoon": 108.94323220029557, "night": 122.21159697470225}, "12/2": {"early_morning": 55.06485264713553, "morning": 66.80700686777362, "afternoon": 111.17960532035121, "night": 114.01199687038164}, "13/2": {"early_morning": 51.44118925497696, "morning": 97.7510214726593, "afternoon": 115.70042597583239, "night": 120.65739372337652}, "14/2": {"early_morning": 53.396592193340865, "morning": 98.40563331304877, "afternoon": 124.76901677823176, "night": 130.86742588889854}, "15/2": {"early_morning": 61.53403459966965, "morning": 100.94836129705294, "afternoon": 123.6131443971138, "night": 124.08528210032165}, "16/2": {"early_morning": 55.08815091715205, "morning": 99.19273233069634, "afternoon": 123.18082239415804, "night": 127.14987394592715}, "17/2": {"early_morning": 57.363905068243064, "morning": 100.72954881335303, "afternoon": 123.68303920716335, "night": 132.42406328783795}, "18/2": {"early_morning": 68.5429887855342, "morning": 83.30870207771886, "afternoon": 116.14796140137355, "night": 123.57037294618794}, "19/2": {"early_morning": 64.98139615752413, "morning": 72.31609145440319, "afternoon": 118.06433104407546, "night": 118.39893940711119}, "20/2": {"early_morning": 46.21724767451969, "morning": 100.5977571068417, "afternoon": 123.76684343214814, "night": 122.95036077544988}, "21/2": {"early_morning": 52.38902894896983, "morning": 100.4506650439016, "afternoon": 125.26506128835956, "night": 122.9181083195688}, "22/2": {"early_morning": 54.614100669390595, "morning": 100.79083717291141, "afternoon": 127.18656002781883, "night": 126.30826740850213}, "23/2": {"early_morning": 51.92880118230027, "morning": 102.0728505607233, "afternoon": 121.63922455011736, "night": 123.44118925497696}, "24/2": {"early_morning": 49.788142223767714, "morning": 101.7819699208902, "afternoon": 123.49308875945405, "night": 133.3305224723985}, "25/2": {"early_morning": 62.583673824219765, "morning": 90.90837172911415, "afternoon": 122.753716421803, "night": 125.2770581587412}, "26/2": {"early_morning": 57.1144049378423, "morning": 72.41650004346693, "afternoon": 119.33825958445622, "night": 121.15882813179171}, "27/2": {"early_morning": 48.34295401199687, "morning": 103.47744066765192, "afternoon": 122.9580978875076, "night": 119.11570894549249}, "28/2": {"early_morning": 51.52099452316787, "morning": 102.97522385464661, "afternoon": 126.5160392940972, "night": 126.54698774232808}, "1/3": {"early_morning": 53.37790141702165, "morning": 107.2353299139355, "afternoon": 131.58019647048596, "night": 129.55385551595236}, "2/3": {"early_morning": 54.05355124750065, "morning": 105.17065113448666, "afternoon": 129.66669564461444, "night": 128.96009736590455}, "3/3": {"early_morning": 54.60384247587586, "morning": 106.97139876553942, "afternoon": 129.6477440667652, "night": 135.37416326175781}, "4/3": {"early_morning": 70.41954272798401, "morning": 89.35599408849865, "afternoon": 127.79744414500566, "night": 126.78996783447796}, "5/3": {"early_morning": 65.05233417369382, "morning": 79.6575675910632, "afternoon": 125.45805442058594, "night": 119.30331217943146}, "6/3": {"early_morning": 50.604972615839344, "morning": 104.90689385377728, "afternoon": 125.83986786055812, "night": 120.92765365556811}, "7/3": {"early_morning": 50.3370425106494, "morning": 105.124402329827, "afternoon": 126.59158480396418, "night": 121.79874815265583}, "8/3": {"early_morning": 49.738937668434325, "morning": 103.79622707119881, "afternoon": 131.00452055985394, "night": 129.75310788489958}, "9/3": {"early_morning": 62.401199687038165, "morning": 105.31713466052334, "afternoon": 131.6114057202469, "night": 124.35851516995567}, "10/3": {"early_morning": 50.13700773711206, "morning": 105.6766061027558, "afternoon": 128.4328436060158, "night": 132.56107102495002}, "11/3": {"early_morning": 68.51186646961662, "morning": 93.67886638268278, "afternoon": 121.73980700686778, "night": 121.5566373989394}, "12/3": {"early_morning": 63.1724767451969, "morning": 78.4078066591324, "afternoon": 121.17578023124402, "night": 116.80492045553333}, "13/3": {"early_morning": 51.217073806833, "morning": 106.53577327653656, "afternoon": 129.73267843171345, "night": 119.37616274015474}, "14/3": {"early_morning": 52.4258888985482, "morning": 103.1469181952534, "afternoon": 123.63826827784057, "night": 120.20429453186125}, "15/3": {"early_morning": 51.66139268017039, "morning": 104.73954620533773, "afternoon": 126.66495696774754, "night": 130.4996957315483}, "16/3": {"early_morning": 57.29096757367643, "morning": 105.90915413370425, "afternoon": 128.3287837955316, "night": 125.75893245240373}, "17/3": {"early_morning": 56.917412848822046, "morning": 107.24984786577414, "afternoon": 129.29314091976005, "night": 139.22672346344433}, "18/3": {"early_morning": 75.66478310006086, "morning": 95.36564374510998, "afternoon": 124.86603494740503, "night": 123.95722854907416}, "19/3": {"early_morning": 60.424671824741374, "morning": 79.0652003825089, "afternoon": 115.74145874989134, "night": 116.08041380509432}, "20/3": {"early_morning": 50.951664783100064, "morning": 107.67356341823871, "afternoon": 128.44692688863773, "night": 122.95166478310006}, "21/3": {"early_morning": 54.71624793532122, "morning": 106.35156046248805, "afternoon": 127.387811875163, "night": 125.18369121098844}, "22/3": {"early_morning": 55.8065721985569, "morning": 105.71537859688777, "afternoon": 122.33478223072242, "night": 115.93679909588803}, "23/3": {"early_morning": 53.099626184473614, "morning": 104.21429192384595, "afternoon": 127.66747804920456, "night": 123.24132834912632}, "24/3": {"early_morning": 55.4495349039381, "morning": 106.85828044857863, "afternoon": 129.41945579414065, "night": 136.25115187342433}, "25/3": {"early_morning": 71.22663652960097, "morning": 93.48865513344344, "afternoon": 123.06024515343823, "night": 125.1026688689907}, "26/3": {"early_morning": 61.45640267756237, "morning": 81.2032513257411, "afternoon": 119.87698861166652, "night": 119.93158306528731}, "27/3": {"early_morning": 52.22828827262453, "morning": 106.7700599843519, "afternoon": 127.15508997652786, "night": 121.74093714683126}, "28/3": {"early_morning": 52.928105711553506, "morning": 107.82508910718943, "afternoon": 129.32539337564114, "night": 124.09301921237937}, "29/3": {"early_morning": 54.680170390332954, "morning": 108.23298270016518, "afternoon": 128.17621490046074, "night": 125.31913413892028}, "30/3": {"early_morning": 56.19108058767278, "morning": 108.23428670781536, "afternoon": 129.6083630357298, "night": 127.70790228636008},