{"early_morning": 60.85592269897461, "morning": 94.95052337646484, "afternoon": 125.71952819824219, "night": 119.25403594970703}