{"early_morning": 55.45701544328156, "morning": 94.54394426214532, "afternoon": 120.99858636729991, "night": 121.88398691866676}